<?xml version='1.0' encoding='utf-8' standalone='yes' ?>
<map>
    <long name="sites_visited_weekly_time" value="1757305500696" />
    <set name="related_sites_visited_weekly_set" />
    <string name="origins_visited_date">9/8/25</string>
    <set name="origins_visited_set">
        <string>2563604261</string>
        <string>1778564728</string>
        <string>4242250194</string>
    </set>
    <set name="sites_visited_weekly_set">
        <string>1432733664</string>
        <string>2336690912</string>
        <string>2037868067</string>
    </set>
</map>
