<?xml version='1.0' encoding='utf-8' standalone='yes' ?>
<map>
    <boolean name="cr-ProDuction_is_in_grace" value="false" />
    <boolean name="cr-ProDuction_is_auto_renewable" value="true" />
    <boolean name="cr-ProDuction_has_subscription" value="true" />
    <string name="cr-ProDuction_subscription_product_sku">cr.ios.anime.monthly.7dayft</string>
    <boolean name="cr-ProDuction_is_subscription_from_google_play" value="false" />
    <boolean name="cr-ProDuction_is_on_hold" value="false" />
    <long name="cr-ProDuction_expiration_date" value="1759195218000" />
</map>
