<?xml version='1.0' encoding='utf-8' standalone='yes' ?>
<map>
    <long name="first_open_time" value="1757305493642" />
    <string name="gmp_app_id">1:800795916999:android:deb9c2753c590dc4</string>
    <string name="app_instance_id">5b5eed1216f7e91a5dcb55ca83f99852</string>
    <long name="session_id" value="1757305493" />
    <boolean name="app_backgrounded" value="false" />
    <long name="health_monitor:start" value="1757305493841" />
    <boolean name="use_service" value="true" />
    <boolean name="deferred_analytics_collection" value="false" />
    <string name="previous_os_version">13</string>
    <boolean name="has_been_opened" value="true" />
    <boolean name="allow_remote_dynamite" value="true" />
    <long name="last_pause_time" value="1757306122056" />
    <boolean name="start_new_session" value="false" />
</map>
