<?xml version='1.0' encoding='utf-8' standalone='yes' ?>
<map>
    <boolean name="limit-tracking" value="false" />
    <string name="advid">09b463d8-8ce7-47fb-83ac-f4fbee6d5119</string>
    <string name="subscriberId_key">3495500723</string>
    <string name="userAgent">{&quot;user_agent&quot;:&quot;Mozilla\/5.0 (Linux; Android 13; V2037 Build\/TP1A.220624.014; wv) AppleWebKit\/537.36 (KHTML, like Gecko) Version\/4.0 Chrome\/140.0.7339.51 Mobile Safari\/537.36&quot;,&quot;saveTime&quot;:1757305494313}</string>
    <string name="localStore">{}</string>
</map>
