<?xml version='1.0' encoding='utf-8' standalone='yes' ?>
<map>
    <long name="fire-count" value="1" />
    <string name="last-used-date">2025-09-05</string>
    <long name="fire-global" value="1757087918802" />
    <set name="kotlin/2.0.21 android-min-sdk/26 fire-analytics/21.3.0 fire-cls/18.6.4 android-installer/ fire-sessions/1.2.4 fire-cls-ndk/18.6.4 fire-core-ktx/20.4.2 fire-android/28 fire-core/20.4.2 device-brand/google device-model/G011A device-name/G011A fire-iid/20.1.6 fire-installations/17.2.0 android-platform/ fire-transport/18.1.8 android-target-sdk/35 fire-fcm/20.1.6">
        <string>2025-09-05</string>
    </set>
</map>
