<?xml version='1.0' encoding='utf-8' standalone='yes' ?>
<map>
    <set name="kotlin/2.0.10 fire-cls/19.0.3 device-model/2037 fire-installations/18.0.0 device-brand/vivo device-name/2037i android-min-sdk/23 fire-rc/22.0.0 fire-abt/21.1.1 fire-android/33 fire-core/21.0.0 fire-perf/21.0.1 fire-core-ktx/21.0.0 fire-analytics-ktx/22.0.2 fire-analytics/22.0.2 fire-fst/25.0.0 android-installer/com.google.android.packageinstaller android-platform/ fire-cfg-ktx/22.0.0 fire-fcm/24.0.0 fire-sessions/2.0.3 fire-transport/19.0.0 android-target-sdk/34">
        <string>2025-09-08</string>
    </set>
    <long name="fire-count" value="1" />
    <string name="last-used-date">2025-09-08</string>
    <long name="fire-global" value="1757306127627" />
</map>
