<?xml version='1.0' encoding='utf-8' standalone='yes' ?>
<map>
    <string name="userLangPref">1,6,12</string>
    <string name="contentLangIP">Bhojpuri</string>
    <boolean name="pref_volume" value="true" />
    <string name="phoneNumber">6201082384</string>
    <boolean name="first_time_navigation_open" value="true" />
    <int name="MEDIA_SELECTION_INDEX" value="-1" />
    <boolean name="first_time_video_open" value="true" />
    <int name="MEDIA_GROUP_INDEX" value="-1" />
    <int name="ASPECT_RATIO" value="0" />
    <boolean name="MAP_KEY_SESSION" value="true" />
    <boolean name="program_detail_already" value="true" />
    <string name="COUPON_DATA"></string>
</map>
