<?xml version='1.0' encoding='utf-8' standalone='yes' ?>
<map>
    <long name="app_launch_counter" value="1" />
    <string name="device_id_new">JVZu0Sp6lvucrA6ErPEnbVyJnienvB1gnXph5GTxFn8%3D</string>
    <long name="lastActiveTime" value="1757305701471" />
    <string name="user_type">free</string>
    <int name="app_version" value="4000191" />
    <string name="session_referrer"></string>
    <int name="expiration_time" value="0" />
    <string name="advertising_id">09b463d8-8ce7-47fb-83ac-f4fbee6d5119</string>
    <string name="display_sdk_language">english</string>
    <string name="sessionid">JVZu0Sp6lvucrA6ErPEnbVyJnienvB1gnXph5GTxFn8%3D.1757305700</string>
    <int name="user_state" value="1" />
</map>
