<?xml version='1.0' encoding='utf-8' standalone='yes' ?>
<map>
    <int name="d_ts" value="0" />
    <int name="dh" value="0" />
    <int name="hgt" value="4" />
    <string name="av">7.1.7</string>
    <int name="v" value="2" />
    <int name="wdt" value="2" />
    <string name="j_n">ZmtiegYIBgJjYw==</string>
    <string name="i_n">ZmtiegYJBgNjbA==</string>
    <int name="r_ts" value="1757306122" />
    <string name="id">877-958-874Z</string>
    <string name="k_n">DHgxJl5DfE4SIx8PPG8cD38EfENqZ3AW</string>
    <string name="j_s">{}</string>
</map>
