<?xml version='1.0' encoding='utf-8' standalone='yes' ?>
<map>
    <int name="encryptionMigrationFailureCount:877-958-874Z" value="0" />
    <string name="cachedGUIDsKey:877-958-874Z">{&quot;Identity_cmlsMzEyMDk5NDM4Mw==&quot;:&quot;__089523909101424b8a1615d20cba3126&quot;}</string>
    <string name="deviceId:877-958-874Z">__089523909101424b8a1615d20cba3126</string>
    <string name="pfworkid">877-958-874Z</string>
    <int name="encryptionLevel:877-958-874Z" value="0" />
    <int name="sexe:877-958-874Z" value="1757306122" />
    <string name="ict_date:__089523909101424b8a1615d20cba3126:877-958-874Z">08092025</string>
    <int name="imc:__089523909101424b8a1615d20cba3126:877-958-874Z" value="1" />
    <int name="comms_mtd:877-958-874Z" value="0" />
    <int name="istmcd_inapp:__089523909101424b8a1615d20cba3126:877-958-874Z" value="10" />
    <string name="comms_dmn:877-958-874Z">in1.clevertap-prod.com</string>
    <int name="istc_inapp:__089523909101424b8a1615d20cba3126:877-958-874Z" value="0" />
    <string name="comms_dmn_spiky:877-958-874Z">in1-spiky.clevertap-prod.com</string>
    <boolean name="NetworkInfo:877-958-874Z" value="true" />
    <int name="lastSessionId:877-958-874Z" value="1757306111" />
    <int name="cachedGUIDsLengthKey:877-958-874Z" value="1" />
    <string name="instance:877-958-874Z">{&quot;accountId&quot;:&quot;877-958-874Z&quot;,&quot;accountToken&quot;:&quot;b5c-aab&quot;,&quot;customHandshakeDomain&quot;:&quot;in1.clevertap-prod.com&quot;,&quot;analyticsOnly&quot;:false,&quot;isDefaultInstance&quot;:true,&quot;useGoogleAdId&quot;:false,&quot;disableAppLaunchedEvent&quot;:false,&quot;personalization&quot;:true,&quot;debugLevel&quot;:0,&quot;createdPostAppLaunch&quot;:false,&quot;sslPinning&quot;:false,&quot;backgroundSync&quot;:true,&quot;getEnableCustomCleverTapId&quot;:false,&quot;beta&quot;:false,&quot;encryptionLevel&quot;:0,&quot;allowedPushTypes&quot;:[]}</string>
    <boolean name="ssInAppMigrated:877-958-874Z" value="true" />
    <string name="SP_KEY_PROFILE_IDENTITIES:877-958-874Z">Email,Identity</string>
    <int name="comms_first_ts:877-958-874Z" value="1757305496" />
    <int name="comms_last_ts:877-958-874Z" value="1757306121" />
    <long name="last_assets_cleanup" value="1757305496147" />
</map>
